<xml xmlns="https://developers.google.com/blockly/xml">
  <variables>
    <variable id="[b@KF(Ia=X4mNA]X@Gvq">token</variable>
  </variables>
  <block type="variables_set" id="TWV5NK{^vH(nh;DbpC#;" x="435" y="495">
    <field name="VAR" id="[b@KF(Ia=X4mNA]X@Gvq">token</field>
    <value name="VALUE">
      <block type="token_auth" id="l9%Xvf=TM*kw)Kq4XMp)"></block>
    </value>
    <next>
      <block type="timeout" id="m]6B(l*[#zac*YJKIGjl">
        <value name="time">
          <block type="math_number" id="A|Aq7De;HSZ4L]-/Q$Hg">
            <field name="NUM">3000</field>
          </block>
        </value>
        <statement name="function">
          <block type="console_print" id="WM]smp){S+Z,r?AA)8XY">
            <value name="to_print">
              <block type="get_info" id="Dbp2?k5#B2ifJgHl/A[x">
                <field name="token" id="[b@KF(Ia=X4mNA]X@Gvq">token</field>
              </block>
            </value>
            <next>
              <block type="timeout" id=";@*rltR5jAcG|F24Qk]d">
                <value name="time">
                  <block type="math_number" id="jVr]9vFXnZB4b5pft+Dz">
                    <field name="NUM">3000</field>
                  </block>
                </value>
                <statement name="function">
                  <block type="startbot" id="{Kwz;oTfuj{%%7u-`~*C">
                    <value name="planet">
                      <block type="text" id="_I7s_=%,TK08uQuq-7`o">
                        <field name="TEXT">1043295380701184</field>
                      </block>
                    </value>
                    <value name="channel">
                      <block type="text" id="4Im-SyfLfj6EIf=?=y1.">
                        <field name="TEXT">1043295380701186</field>
                      </block>
                    </value>
                  </block>
                </statement>
              </block>
            </next>
          </block>
        </statement>
      </block>
    </next>
  </block>
</xml>