<xml xmlns="https://developers.google.com/blockly/xml">
  <variables>
    <variable id="J!G-hA7LZIRe[9o!Zg:3">i</variable>
    <variable id="^lw!*ujTQGNtZDv6nTRe">item</variable>
    <variable id="2+m9fMMbmLzEo9b)--0D">output</variable>
  </variables>
  <block type="clear_console" id="8TAk[e*|t[N02Jx3DYPv" x="170" y="170">
    <next>
      <block type="controls_for" id="f2ZJc]4T%8f*oY[YDs|,">
        <field name="VAR" id="J!G-hA7LZIRe[9o!Zg:3">i</field>
        <value name="FROM">
          <shadow type="math_number" id="`AuayUZiRI,*W+Kew)4m">
            <field name="NUM">1</field>
          </shadow>
        </value>
        <value name="TO">
          <shadow type="math_number" id="L1p2b},gK:K25oj}}vFC">
            <field name="NUM">100</field>
          </shadow>
        </value>
        <value name="BY">
          <shadow type="math_number" id="HQg-H:5[X(#!.M@rii$7">
            <field name="NUM">1</field>
          </shadow>
        </value>
        <statement name="DO">
          <block type="variables_set" id="uM#]RMgkx~t:8t(%k-zi">
            <field name="VAR" id="^lw!*ujTQGNtZDv6nTRe">item</field>
            <value name="VALUE">
              <block type="text" id="grem~Wvic{Qo74Y2*5t@">
                <field name="TEXT"></field>
              </block>
            </value>
            <next>
              <block type="variables_set" id="n)Cz*ZlLgV!)tZ!Ot6J-">
                <field name="VAR" id="2+m9fMMbmLzEo9b)--0D">output</field>
                <value name="VALUE">
                  <block type="variables_get" id="hzJG[Tzx,0|vk@AS#2;U">
                    <field name="VAR" id="^lw!*ujTQGNtZDv6nTRe">item</field>
                  </block>
                </value>
                <next>
                  <block type="controls_if" id="X_0w.Oi:r(v?g(QQgM2H">
                    <value name="IF0">
                      <block type="math_number_property" id="qBwS|E|6x]_rb,O7E[44">
                        <mutation divisor_input="true"></mutation>
                        <field name="PROPERTY">DIVISIBLE_BY</field>
                        <value name="NUMBER_TO_CHECK">
                          <shadow type="math_number" id="fc^mfwl`fdNLwqnB}]h*">
                            <field name="NUM">0</field>
                          </shadow>
                          <block type="variables_get" id="9)8Ggt[?ovo9ehVE?I/T">
                            <field name="VAR" id="J!G-hA7LZIRe[9o!Zg:3">i</field>
                          </block>
                        </value>
                        <value name="DIVISOR">
                          <block type="math_number" id="]uLN$78tBhtc~+?U?v0p">
                            <field name="NUM">3</field>
                          </block>
                        </value>
                      </block>
                    </value>
                    <statement name="DO0">
                      <block type="text_append" id="}Rpc#/:`wcHvBtiESsZa">
                        <field name="VAR" id="2+m9fMMbmLzEo9b)--0D">output</field>
                        <value name="TEXT">
                          <shadow type="text" id="VMQb1e~P(!-{=c,q:mou">
                            <field name="TEXT"></field>
                          </shadow>
                          <block type="text" id="GLF_EZ/gY{Tm..*QEgQn">
                            <field name="TEXT">Fizz</field>
                          </block>
                        </value>
                      </block>
                    </statement>
                    <next>
                      <block type="controls_if" id="wT,mlf%^8,dr_`f]^v;Y">
                        <value name="IF0">
                          <block type="math_number_property" id="-p~zydwuM_[K5ACJYUr`">
                            <mutation divisor_input="true"></mutation>
                            <field name="PROPERTY">DIVISIBLE_BY</field>
                            <value name="NUMBER_TO_CHECK">
                              <shadow type="math_number" id="o56-JDc`S)w[lsI!g{@n">
                                <field name="NUM">0</field>
                              </shadow>
                              <block type="variables_get" id="el+a8qClyY~JFkO1{2QG">
                                <field name="VAR" id="J!G-hA7LZIRe[9o!Zg:3">i</field>
                              </block>
                            </value>
                            <value name="DIVISOR">
                              <block type="math_number" id="*5ZdfwDdjQ[N3IJtd[%f">
                                <field name="NUM">5</field>
                              </block>
                            </value>
                          </block>
                        </value>
                        <statement name="DO0">
                          <block type="text_append" id="hlpUMB-+a_6:X]hUK=n:">
                            <field name="VAR" id="2+m9fMMbmLzEo9b)--0D">output</field>
                            <value name="TEXT">
                              <shadow type="text" id="(X*Pz?PP-Kx^)B=I8j0{">
                                <field name="TEXT"></field>
                              </shadow>
                              <block type="text" id="F:0Wy3q2WV:+T+tpQrXU">
                                <field name="TEXT">Buzz</field>
                              </block>
                            </value>
                          </block>
                        </statement>
                        <next>
                          <block type="controls_if" id="W:!M)7~q~R*z@hmv=j~S">
                            <value name="IF0">
                              <block type="logic_compare" id="zUtf}nedUNqda-gZ;AzW">
                                <field name="OP">EQ</field>
                                <value name="A">
                                  <block type="variables_get" id="[V`QOGgzgU9lc-)izRFM">
                                    <field name="VAR" id="2+m9fMMbmLzEo9b)--0D">output</field>
                                  </block>
                                </value>
                                <value name="B">
                                  <block type="variables_get" id="P#`#s.K7{#EfclUyR9-n">
                                    <field name="VAR" id="^lw!*ujTQGNtZDv6nTRe">item</field>
                                  </block>
                                </value>
                              </block>
                            </value>
                            <statement name="DO0">
                              <block type="variables_set" id="$!fGi]jg%)d~SzwHqB;1">
                                <field name="VAR" id="2+m9fMMbmLzEo9b)--0D">output</field>
                                <value name="VALUE">
                                  <block type="variables_get" id="yWZUV]m};r)Si`{ZY*LT">
                                    <field name="VAR" id="J!G-hA7LZIRe[9o!Zg:3">i</field>
                                  </block>
                                </value>
                              </block>
                            </statement>
                            <next>
                              <block type="console_print" id="5LvO%YtO}IJ!/[_}kh01">
                                <value name="to_print">
                                  <block type="variables_get" id=":9Clye9g@]j(G|v67AUu">
                                    <field name="VAR" id="2+m9fMMbmLzEo9b)--0D">output</field>
                                  </block>
                                </value>
                              </block>
                            </next>
                          </block>
                        </next>
                      </block>
                    </next>
                  </block>
                </next>
              </block>
            </next>
          </block>
        </statement>
      </block>
    </next>
  </block>
</xml>