<xml xmlns="https://developers.google.com/blockly/xml">
  <variables>
    <variable id="sF2?zU{DR6;w*!Y4Oxm+">code</variable>
  </variables>
  <block type="clear_console" id="q?-3|r].J]{BZX-KYg)S" x="-190" y="-170">
    <next>
      <block type="console_print" id="mLO8{f+;*n6e%+e#F:M1">
        <value name="to_print">
          <block type="text" id="#xNIQ!,Q?Az/b/-s|x},">
            <field name="TEXT">Please input a password</field>
          </block>
        </value>
        <next>
          <block type="timeout" id="7vZ/_khS`mHJ#!8!mAD/">
            <value name="time">
              <block type="math_number" id="^xSRwX`!?gf_1;abt9*,">
                <field name="NUM">5000</field>
              </block>
            </value>
            <statement name="function">
              <block type="controls_if" id="3N([P{U)t51C$8{x.4mj">
                <mutation else="1"></mutation>
                <value name="IF0">
                  <block type="logic_compare" id="%QO2OuW3_AXt^zOwMiHg">
                    <field name="OP">GT</field>
                    <value name="A">
                      <block type="text_length" id="(7;z%F(x]$_7fO$]mB#2">
                        <value name="VALUE">
                          <shadow type="text" id="qEP0c$~|7WR*F8.y;Ey8">
                            <field name="TEXT">abc</field>
                          </shadow>
                          <block type="input" id="Z]7]0Pjqr/B*Cqrv44G#"></block>
                        </value>
                      </block>
                    </value>
                    <value name="B">
                      <block type="math_number" id="AvoDZ,pG2gSQ{;q:0yMt">
                        <field name="NUM">6</field>
                      </block>
                    </value>
                  </block>
                </value>
                <statement name="DO0">
                  <block type="variables_set" id="HPKdeM(C2/H5*n|.]4)3">
                    <field name="VAR" id="sF2?zU{DR6;w*!Y4Oxm+">code</field>
                    <value name="VALUE">
                      <block type="input" id="#?=h-~]61{^g;-WH@KDJ"></block>
                    </value>
                    <next>
                      <block type="console_print" id="9G|gAbbr5ESxn$`P/Om:">
                        <value name="to_print">
                          <block type="text" id="vyHJ)z1nz4Yf-Dp-s`4N">
                            <field name="TEXT">Please confirm password.</field>
                          </block>
                        </value>
                        <next>
                          <block type="timeout" id=".Mco}}^or)kgrE~5=_]w">
                            <value name="time">
                              <block type="math_number" id="=f4^Cc,4{8%}3shT-I]p">
                                <field name="NUM">5000</field>
                              </block>
                            </value>
                            <statement name="function">
                              <block type="controls_if" id="!ApKEm/;m!nLJ%Q|B|1%">
                                <mutation else="1"></mutation>
                                <value name="IF0">
                                  <block type="logic_compare" id="B;g(D*R9[#MF`Eg.hA5x">
                                    <field name="OP">EQ</field>
                                    <value name="A">
                                      <block type="input" id="]]TJ)(5=#[Z9(QP8MsiY"></block>
                                    </value>
                                    <value name="B">
                                      <block type="variables_get" id="Z$cGfg`t@7C@5C9W2v^=">
                                        <field name="VAR" id="sF2?zU{DR6;w*!Y4Oxm+">code</field>
                                      </block>
                                    </value>
                                  </block>
                                </value>
                                <statement name="DO0">
                                  <block type="console_print" id="fT!]Xk#f8V*Ut,zG9QZq">
                                    <value name="to_print">
                                      <block type="text" id="p6Zje.p?.A`Y=_kySwR1">
                                        <field name="TEXT">Password confirmed.</field>
                                      </block>
                                    </value>
                                  </block>
                                </statement>
                                <statement name="ELSE">
                                  <block type="console_print" id="SPv+!dx}VryjsZnC_{.a">
                                    <value name="to_print">
                                      <block type="text" id="qDl)WnZx,IN$AQ|=u.8L">
                                        <field name="TEXT">Incorrect password. Run again</field>
                                      </block>
                                    </value>
                                  </block>
                                </statement>
                              </block>
                            </statement>
                          </block>
                        </next>
                      </block>
                    </next>
                  </block>
                </statement>
                <statement name="ELSE">
                  <block type="console_print" id="`_is(xnZok;GHh1@GTG}">
                    <value name="to_print">
                      <block type="text" id="xBdnm!8OLx5ssFq0cjP{">
                        <field name="TEXT">Please run again and make a longer password</field>
                      </block>
                    </value>
                  </block>
                </statement>
              </block>
            </statement>
          </block>
        </next>
      </block>
    </next>
  </block>
</xml>