<xml xmlns="https://developers.google.com/blockly/xml">
  <variables>
    <variable id="{yQ%O!a0+7/X~WM)bxiT">customRatio</variable>
    <variable id="gN=itDM7=$W0Qui(deeX">customRandom</variable>
    <variable id="?t!S)lZN$muXoKJnglvb">color</variable>
    <variable id="`~q#)[bwjy/-uW:!E$?3">ratio</variable>
  </variables>
  <block type="clear_console" id="!~)hJhymBuymC)kI_:oY" x="975" y="-45">
    <next>
      <block type="console_print" id="Q?2f-eIG#;TIL!yU4e1n">
        <value name="to_print">
          <block type="text" id=";tJE`Qzn`ap,.P5wG/?2">
            <field name="TEXT">Please input a number from 0-1</field>
          </block>
        </value>
        <next>
          <block type="timeout" id="s0L3fz]hl9evn~bMs~$h">
            <value name="time">
              <block type="math_number" id="7H}@la6Wp}=jBq`5{+01">
                <field name="NUM">5000</field>
              </block>
            </value>
            <statement name="function">
              <block type="controls_if" id="8h8e#R}Y#i|B[H}P55Sn">
                <value name="IF0">
                  <block type="logic_compare" id="hypvnQGJo3]BA/=1SDGP">
                    <field name="OP">NEQ</field>
                    <value name="A">
                      <block type="input" id="1Z;CX2[Y+jC]vPo=WvDP"></block>
                    </value>
                    <value name="B">
                      <block type="logic_null" id="q^x4jcqRiWFB4,#[mAn*"></block>
                    </value>
                  </block>
                </value>
                <statement name="DO0">
                  <block type="variables_set" id="_HW%VT2#_/h#EJ;Nqp[3">
                    <field name="VAR" id="`~q#)[bwjy/-uW:!E$?3">ratio</field>
                    <value name="VALUE">
                      <block type="input" id="LQN3_A+a+=apJ!ZN)Mm-"></block>
                    </value>
                    <next>
                      <block type="console_print" id=".j4?q-2oyBJ(Kj(FF;(A">
                        <value name="to_print">
                          <block type="text" id="-TJhcW-V;VC)m}2|cruV">
                            <field name="TEXT">Ok, do you want randomness? y/n</field>
                          </block>
                        </value>
                        <next>
                          <block type="timeout" id="/s*p+K;yiyCRBvI%DOX3">
                            <value name="time">
                              <block type="math_number" id="F6`nDhIP8,y}v87HI1.+">
                                <field name="NUM">5000</field>
                              </block>
                            </value>
                            <statement name="function">
                              <block type="controls_if" id="e3ce4A!..q1zr`rJt`Z}">
                                <mutation else="1"></mutation>
                                <value name="IF0">
                                  <block type="logic_compare" id="$mJP~gET-M4a^VY?C|9N">
                                    <field name="OP">EQ</field>
                                    <value name="A">
                                      <block type="input" id="?/Ouo(*!peYl5YzJ0-kc"></block>
                                    </value>
                                    <value name="B">
                                      <block type="text" id="k.77K}giLkHcCT`Xnjl;">
                                        <field name="TEXT">y</field>
                                      </block>
                                    </value>
                                  </block>
                                </value>
                                <statement name="DO0">
                                  <block type="console_print" id="y;vWJ`WVW.cFSTbE{ZOy">
                                    <value name="to_print">
                                      <block type="text" id="HjB{sa;5ABJDn*nXl27U">
                                        <field name="TEXT">Creating a random-ish color. Beep Boop</field>
                                      </block>
                                    </value>
                                    <next>
                                      <block type="console_print" id="a[D%~erV_~R-x1b6_EW;">
                                        <value name="to_print">
                                          <block type="procedures_callreturn" id="E-B7p()YHiS8(2f~x#H9">
                                            <mutation name="Make-A-Color">
                                              <arg name="customRatio"></arg>
                                              <arg name="customRandom"></arg>
                                            </mutation>
                                            <value name="ARG0">
                                              <block type="variables_get" id="jqvXHW]ivJdr1^IUfhyz">
                                                <field name="VAR" id="`~q#)[bwjy/-uW:!E$?3">ratio</field>
                                              </block>
                                            </value>
                                            <value name="ARG1">
                                              <block type="logic_boolean" id="M()[ZwB]`@VC;_zt(Ny_">
                                                <field name="BOOL">TRUE</field>
                                              </block>
                                            </value>
                                          </block>
                                        </value>
                                      </block>
                                    </next>
                                  </block>
                                </statement>
                                <statement name="ELSE">
                                  <block type="console_print" id="JU4_.[l5`@fPpmLtt|1w">
                                    <value name="to_print">
                                      <block type="text" id="Y0a,/aLc[pvEp6U9$J,J">
                                        <field name="TEXT">Creating a color. Beep Boop</field>
                                      </block>
                                    </value>
                                    <next>
                                      <block type="console_print" id="#^{5BxKZ,)Fi(!tV2f=g">
                                        <value name="to_print">
                                          <block type="procedures_callreturn" id="XX9,qmmmCz%OnBZ.?{E}">
                                            <mutation name="Make-A-Color">
                                              <arg name="customRatio"></arg>
                                              <arg name="customRandom"></arg>
                                            </mutation>
                                            <value name="ARG0">
                                              <block type="variables_get" id="U(ebJO1Q{fxOURvk#mUP">
                                                <field name="VAR" id="`~q#)[bwjy/-uW:!E$?3">ratio</field>
                                              </block>
                                            </value>
                                            <value name="ARG1">
                                              <block type="logic_boolean" id="{8XXs/0J:0zp4@Sh,x@5">
                                                <field name="BOOL">FALSE</field>
                                              </block>
                                            </value>
                                          </block>
                                        </value>
                                      </block>
                                    </next>
                                  </block>
                                </statement>
                              </block>
                            </statement>
                          </block>
                        </next>
                      </block>
                    </next>
                  </block>
                </statement>
              </block>
            </statement>
          </block>
        </next>
      </block>
    </next>
  </block>
  <block type="procedures_defreturn" id="DT_4Qwc6{?^:rn+$j6eT" x="435" y="75">
    <mutation>
      <arg name="customRatio" varid="{yQ%O!a0+7/X~WM)bxiT"></arg>
      <arg name="customRandom" varid="gN=itDM7=$W0Qui(deeX"></arg>
    </mutation>
    <field name="NAME">Make-A-Color</field>
    <comment pinned="false" h="80" w="160">Create a color, with the users ratio</comment>
    <statement name="STACK">
      <block type="controls_if" id="zxh8/:*ra%O4H*5O+nn`">
        <mutation else="1"></mutation>
        <value name="IF0">
          <block type="logic_compare" id="XF,qVxprqH8Rhyen9xwt">
            <field name="OP">EQ</field>
            <value name="A">
              <block type="variables_get" id="(5r#6lDFdw_}V$aec[sR">
                <field name="VAR" id="gN=itDM7=$W0Qui(deeX">customRandom</field>
              </block>
            </value>
            <value name="B">
              <block type="logic_boolean" id="#XuGTcu%iw,]`I)RbxrX">
                <field name="BOOL">FALSE</field>
              </block>
            </value>
          </block>
        </value>
        <statement name="DO0">
          <block type="variables_set" id="Ua[oWVsiPm%etRbPCxc2">
            <field name="VAR" id="?t!S)lZN$muXoKJnglvb">color</field>
            <value name="VALUE">
              <block type="colour_blend" id="=},;B[:kA?qDB}LI5NF%">
                <value name="COLOUR1">
                  <shadow type="colour_picker" id="u~L0dDcLXar]LpmCHdnC">
                    <field name="COLOUR">#ff0000</field>
                  </shadow>
                </value>
                <value name="COLOUR2">
                  <shadow type="colour_picker" id="o!$MB)aI-UsEaavsG#*?">
                    <field name="COLOUR">#3333ff</field>
                  </shadow>
                </value>
                <value name="RATIO">
                  <shadow type="math_number" id="4j0[-=Yes6X+zvhZ,#@:">
                    <field name="NUM">0.5</field>
                  </shadow>
                  <block type="variables_get" id="zzdP(s#zD{wg5M2O5{D6">
                    <field name="VAR" id="{yQ%O!a0+7/X~WM)bxiT">customRatio</field>
                  </block>
                </value>
              </block>
            </value>
          </block>
        </statement>
        <statement name="ELSE">
          <block type="variables_set" id="M1FL%LOk*6U6:m_v08?~">
            <field name="VAR" id="?t!S)lZN$muXoKJnglvb">color</field>
            <value name="VALUE">
              <block type="colour_blend" id="D+:lx~Gvv%~RHyiGJ+%d">
                <value name="COLOUR1">
                  <shadow type="colour_picker" id="vpDF@R)!X5h8u0%b2Ncr">
                    <field name="COLOUR">#ff0000</field>
                  </shadow>
                  <block type="colour_random" id="_y7^b}MAnmIB^XPNNyY~"></block>
                </value>
                <value name="COLOUR2">
                  <shadow type="colour_picker" id="#$6im(9_h]%9,tT#dNAE">
                    <field name="COLOUR">#3333ff</field>
                  </shadow>
                  <block type="colour_random" id=")SE8d*u{e};{xSRElD%@"></block>
                </value>
                <value name="RATIO">
                  <shadow type="math_number">
                    <field name="NUM">0.5</field>
                  </shadow>
                  <block type="variables_get" id="/BY2nygW?:Y!+NfcW(AL">
                    <field name="VAR" id="{yQ%O!a0+7/X~WM)bxiT">customRatio</field>
                  </block>
                </value>
              </block>
            </value>
          </block>
        </statement>
      </block>
    </statement>
    <value name="RETURN">
      <block type="variables_get" id="_U}c2?:ALsso`VmHh`T,">
        <field name="VAR" id="?t!S)lZN$muXoKJnglvb">color</field>
      </block>
    </value>
  </block>
</xml>